{
  "exp1": {
    "centralized": {
      "accuracy": 0.9610552763819096,
      "precision": 0.8018911139175883,
      "recall": 0.9095738142182427,
      "f1_score": 0.8478380506997267,
      "FPR": 0.011109107435180201,
      "RMSE": 0.11381950772138584
    },
    "fedavg": {
      "accuracy": 0.9540829145728643,
      "precision": 0.7183459636207619,
      "recall": 0.8837913394511592,
      "f1_score": 0.7824254207716481,
      "FPR": 0.012632855957575868,
      "RMSE": 0.12261178547337098
    },
    "fedprox": {
      "accuracy": 0.9498743718592965,
      "precision": 0.7440419002113464,
      "recall": 0.8343763052633623,
      "f1_score": 0.7744987858108964,
      "FPR": 0.013310310415936093,
      "RMSE": 0.12665962338447448
    },
    "cent_history": [
      0.9307788944723618,
      0.9504396984924623,
      0.9540829145728643,
      0.954962311557789,
      0.955213567839196,
      0.9555904522613066,
      0.9555276381909548,
      0.9555904522613066,
      0.9559045226130654,
      0.9560301507537688,
      0.9562185929648241,
      0.9564698492462311,
      0.9587311557788945,
      0.9616834170854272,
      0.9610552763819096
    ],
    "avg_history": [
      0.027324120603015076,
      0.027324120603015076,
      0.027701005025125628,
      0.8089195979899497,
      0.814321608040201,
      0.8180904522613065,
      0.8993090452261306,
      0.9224874371859296,
      0.9301507537688443,
      0.9358040201005026,
      0.9389447236180904,
      0.9420226130653266,
      0.9438442211055277,
      0.9448492462311557,
      0.9469221105527639,
      0.9481155778894472,
      0.9487437185929648,
      0.9496859296482412,
      0.9501884422110553,
      0.9508165829145728,
      0.9513190954773869,
      0.9519472361809045,
      0.9523241206030151,
      0.9527638190954774,
      0.9533291457286432,
      0.9532663316582914,
      0.9535804020100502,
      0.9537688442211055,
      0.9542085427135678,
      0.9540829145728643
    ],
    "prox_history": [
      0.017650753768844223,
      0.008605527638190955,
      0.008605527638190955,
      0.008605527638190955,
      0.009484924623115579,
      0.6962311557788945,
      0.7833542713567839,
      0.7878768844221106,
      0.8577889447236181,
      0.9010678391959799,
      0.9125,
      0.9234924623115578,
      0.9352386934673367,
      0.9391331658291457,
      0.9405150753768844,
      0.9437814070351759,
      0.9457286432160804,
      0.9477386934673366,
      0.9483668341708543,
      0.9480527638190954,
      0.9490577889447236,
      0.9494346733668342,
      0.950251256281407,
      0.9503768844221105,
      0.9505653266331658,
      0.950251256281407,
      0.9508793969849246,
      0.9503768844221105,
      0.9499371859296483,
      0.9498743718592965
    ]
  },
  "exp2": {
    "0.1": {
      "accuracy": 0.027324120603015076,
      "precision": 0.0054648241206030155,
      "recall": 0.2,
      "f1_score": 0.010638948333842862,
      "FPR": 0.2,
      "RMSE": 0.4077629849621177
    },
    "0.01": {
      "accuracy": 0.9426507537688442,
      "precision": 0.6646079886636417,
      "recall": 0.7881516902097255,
      "f1_score": 0.7154179775756194,
      "FPR": 0.014897074848728847,
      "RMSE": 0.13561222705263967
    },
    "0.001": {
      "accuracy": 0.9486180904522613,
      "precision": 0.7129716135403678,
      "recall": 0.820378880711716,
      "f1_score": 0.7432041463879735,
      "FPR": 0.013552933988208055,
      "RMSE": 0.12455188486725678
    },
    "0.0001": {
      "accuracy": 0.9261306532663317,
      "precision": 0.541164408804399,
      "recall": 0.6485881053260523,
      "f1_score": 0.5536259416792785,
      "FPR": 0.018061298495391145,
      "RMSE": 0.13855147457197037
    },
    "1e-05": {
      "accuracy": 0.9501256281407036,
      "precision": 0.6773095515036797,
      "recall": 0.8534322687173125,
      "f1_score": 0.7456980034017496,
      "FPR": 0.013186659379517452,
      "RMSE": 0.1355270012060332
    },
    "0.0": {
      "accuracy": 0.9527010050251257,
      "precision": 0.7468181514157958,
      "recall": 0.8750024213395671,
      "f1_score": 0.7983124070173399,
      "FPR": 0.012692764031912879,
      "RMSE": 0.12330479874908307
    }
  },
  "exp3": {
    "fedavg": {
      "0.1": {
        "accuracy": 0.9344221105527638,
        "precision": 0.6018537734029688,
        "recall": 0.7130291183735832,
        "f1_score": 0.6105767168275691,
        "FPR": 0.016443497276381874,
        "RMSE": 0.14302565530751862
      },
      "0.3": {
        "accuracy": 0.9339824120603015,
        "precision": 0.6166100395802248,
        "recall": 0.7643670842283263,
        "f1_score": 0.6314914423554041,
        "FPR": 0.016443908293523355,
        "RMSE": 0.1450330794350854
      },
      "0.5": {
        "accuracy": 0.9520100502512563,
        "precision": 0.7196002153244105,
        "recall": 0.8633724505800894,
        "f1_score": 0.7787551895824556,
        "FPR": 0.012833992598394923,
        "RMSE": 0.11976945453849792
      },
      "1.0": {
        "accuracy": 0.9543341708542713,
        "precision": 0.7386290601213743,
        "recall": 0.8804582891074932,
        "f1_score": 0.7969177769130711,
        "FPR": 0.012596034581663283,
        "RMSE": 0.12163249993253133
      },
      "5.0": {
        "accuracy": 0.9545226130653266,
        "precision": 0.7434245989953562,
        "recall": 0.8865691423545206,
        "f1_score": 0.8027812495010332,
        "FPR": 0.012318255411777739,
        "RMSE": 0.1220612611021505
      }
    },
    "fedprox": {
      "0.1": {
        "accuracy": 0.9179020100502513,
        "precision": 0.302038144210691,
        "recall": 0.4009406083011564,
        "f1_score": 0.3087244682131985,
        "FPR": 0.020009495595785125,
        "RMSE": 0.1780879193359679
      },
      "0.3": {
        "accuracy": 0.9268844221105528,
        "precision": 0.580472276922386,
        "recall": 0.7117978675891756,
        "f1_score": 0.536431424664267,
        "FPR": 0.017838309784818443,
        "RMSE": 0.13928519848662643
      },
      "0.5": {
        "accuracy": 0.9368718592964824,
        "precision": 0.5530168165832237,
        "recall": 0.694155465553256,
        "f1_score": 0.594340705941598,
        "FPR": 0.01590490424292303,
        "RMSE": 0.13422841951902942
      },
      "1.0": {
        "accuracy": 0.9412688442211056,
        "precision": 0.5996395730952887,
        "recall": 0.752055393040693,
        "f1_score": 0.6478117842725579,
        "FPR": 0.015009530506439526,
        "RMSE": 0.1327145793996444
      },
      "5.0": {
        "accuracy": 0.9541457286432161,
        "precision": 0.7499281155114673,
        "recall": 0.8837131027110328,
        "f1_score": 0.8064227397172579,
        "FPR": 0.012521313682086099,
        "RMSE": 0.12265467852002913
      }
    }
  }
}