{
  "metadata": {
    "alpha": 0.1,
    "rounds": 100,
    "samples": 80000
  },
  "centralized": {
    "accuracy": 0.985678391959799,
    "precision": 0.900172982770562,
    "recall": 0.9336803020779987,
    "f1_score": 0.9137675155835154,
    "FPR": 0.006482056564425456,
    "RMSE": 0.07580070491131508
  },
  "fedavg": {
    "accuracy": 0.9503768844221105,
    "precision": 0.7515199018654988,
    "recall": 0.7753637090349773,
    "f1_score": 0.7385038142250735,
    "FPR": 0.013210235157399034,
    "RMSE": 0.12775091159593593
  },
  "fedprox_fixed": {
    "accuracy": 0.9522613065326633,
    "precision": 0.7523503614883336,
    "recall": 0.8184399498509614,
    "f1_score": 0.7572694828708963,
    "FPR": 0.01280190166794382,
    "RMSE": 0.12388359373629304
  },
  "fedprox_adaptive": {
    "accuracy": 0.951570351758794,
    "precision": 0.7521241103525778,
    "recall": 0.8123053568597658,
    "f1_score": 0.7620690148520601,
    "FPR": 0.012957159120642206,
    "RMSE": 0.12397622453281179
  }
}