{
  "fedavg": {
    "0.1": {
      "accuracy": 0.048994974874371856,
      "precision": 0.3204347870155815,
      "recall": 0.4303787505730335,
      "f1_score": 0.2288793296558424,
      "FPR": 0.19364164251316224,
      "RMSE": 0.47524626608604276
    },
    "0.3": {
      "accuracy": 0.9523869346733669,
      "precision": 0.7250469199480309,
      "recall": 0.8635434907135984,
      "f1_score": 0.7807310407469215,
      "FPR": 0.01275610317308204,
      "RMSE": 0.13042447680331515
    },
    "0.5": {
      "accuracy": 0.9453517587939698,
      "precision": 0.7509961286868015,
      "recall": 0.7900390579712636,
      "f1_score": 0.7078592823642286,
      "FPR": 0.014259864953473003,
      "RMSE": 0.14164305226280294
    },
    "1.0": {
      "accuracy": 0.9521356783919598,
      "precision": 0.7363979031539397,
      "recall": 0.8725908499075921,
      "f1_score": 0.7900190677806215,
      "FPR": 0.012924150701493827,
      "RMSE": 0.12689014525060402
    },
    "5.0": {
      "accuracy": 0.9534547738693467,
      "precision": 0.7308675838780675,
      "recall": 0.877996784032445,
      "f1_score": 0.7907117902182794,
      "FPR": 0.01265143736145526,
      "RMSE": 0.12221991655092894
    }
  },
  "fedprox_fixed": {
    "0.1": {
      "accuracy": 0.9185301507537689,
      "precision": 0.3880288634777065,
      "recall": 0.5498995833463826,
      "f1_score": 0.43396832019087317,
      "FPR": 0.01960898810296239,
      "RMSE": 0.14341876238863485
    },
    "0.3": {
      "accuracy": 0.9303391959798994,
      "precision": 0.4690401910987302,
      "recall": 0.5541282821215798,
      "f1_score": 0.49899069526215917,
      "FPR": 0.01796885262875761,
      "RMSE": 0.1315568611286176
    },
    "0.5": {
      "accuracy": 0.9490577889447236,
      "precision": 0.6804613462911614,
      "recall": 0.8379668704491792,
      "f1_score": 0.7294300897209676,
      "FPR": 0.013515449988043705,
      "RMSE": 0.12520354011101373
    },
    "1.0": {
      "accuracy": 0.946356783919598,
      "precision": 0.6377073905710839,
      "recall": 0.8278889137520551,
      "f1_score": 0.7022634334693441,
      "FPR": 0.014663963777219296,
      "RMSE": 0.14211641132375122
    },
    "5.0": {
      "accuracy": 0.9530778894472361,
      "precision": 0.713787412067114,
      "recall": 0.8769842011664813,
      "f1_score": 0.7764754288055283,
      "FPR": 0.01259663766751273,
      "RMSE": 0.12263367442668777
    }
  },
  "fedprox_adaptive": {
    "0.1": {
      "accuracy": 0.9085427135678392,
      "precision": 0.4832478189786036,
      "recall": 0.47015436815498524,
      "f1_score": 0.3855744195836533,
      "FPR": 0.0344875161530234,
      "RMSE": 0.14994016576532398
    },
    "0.3": {
      "accuracy": 0.9107412060301507,
      "precision": 0.46210416597695564,
      "recall": 0.6111068298709983,
      "f1_score": 0.4704634591665243,
      "FPR": 0.02110013401474676,
      "RMSE": 0.15360336653413198
    },
    "0.5": {
      "accuracy": 0.930464824120603,
      "precision": 0.6106970251897772,
      "recall": 0.6700351629725092,
      "f1_score": 0.5302422738184679,
      "FPR": 0.017764347924921244,
      "RMSE": 0.1351715187953803
    },
    "1.0": {
      "accuracy": 0.9483040201005025,
      "precision": 0.6698089282440386,
      "recall": 0.847406262497137,
      "f1_score": 0.7242590108381286,
      "FPR": 0.0135340578166914,
      "RMSE": 0.13187506736098997
    },
    "5.0": {
      "accuracy": 0.9519472361809045,
      "precision": 0.7498862618272206,
      "recall": 0.869866323765411,
      "f1_score": 0.7956771218256005,
      "FPR": 0.012847604701071214,
      "RMSE": 0.12309456379317388
    }
  }
}