{
  "centralized": {
    "accuracy": 0.9861809045226131,
    "precision": 0.9039636527734306,
    "recall": 0.9326810352713357,
    "f1_score": 0.9136514470165439,
    "FPR": 0.006376253943526739,
    "RMSE": 0.07550980027079669
  },
  "fedavg": {
    "accuracy": 0.9561557788944723,
    "precision": 0.7736553743901272,
    "recall": 0.8959798856249135,
    "f1_score": 0.8240254640697776,
    "FPR": 0.011991710509031037,
    "RMSE": 0.11947465323737871
  },
  "fedprox_fixed": {
    "accuracy": 0.9567839195979899,
    "precision": 0.7715271869300819,
    "recall": 0.896118418561119,
    "f1_score": 0.8217055731266972,
    "FPR": 0.011859049286531021,
    "RMSE": 0.11784325315142394
  },
  "fedprox_adaptive": {
    "accuracy": 0.9566582914572864,
    "precision": 0.7692796075249283,
    "recall": 0.8960907119738779,
    "f1_score": 0.8203468235174662,
    "FPR": 0.011884101107523026,
    "RMSE": 0.11595393333435845
  }
}