{
  "fedavg": {
    "accuracy_mean": 92.33668341708544,
    "accuracy_std": 5.079342675859172,
    "f1_mean": 65.71300607551113,
    "f1_std": 19.236307047883628,
    "raw_accuracy": [
      95.5967336683417,
      85.16331658291458,
      96.25
    ],
    "raw_f1": [
      76.38081266281229,
      38.70650048719744,
      82.05170507652365
    ]
  },
  "fedprox_fixed": {
    "accuracy_mean": 94.64195979899496,
    "accuracy_std": 1.9490657099376218,
    "f1_mean": 70.61260186142829,
    "f1_std": 14.92799188419633,
    "raw_accuracy": [
      95.74120603015075,
      91.9032663316583,
      96.28140703517587
    ],
    "raw_f1": [
      78.11683929549733,
      49.77153268095732,
      83.94943360783023
    ]
  },
  "fedprox_adaptive": {
    "accuracy_mean": 94.7110552763819,
    "accuracy_std": 1.8302371713794516,
    "f1_mean": 69.68963134850382,
    "f1_std": 15.837750978099024,
    "raw_accuracy": [
      95.67839195979899,
      92.14824120603015,
      96.30653266331657
    ],
    "raw_f1": [
      77.15003354998655,
      47.669861272237135,
      84.2489992232878
    ]
  }
}