{
  "centralized": {
    "accuracy": 0.9861809045226131,
    "precision": 0.9039636527734306,
    "recall": 0.9326810352713357,
    "f1_score": 0.9136514470165439,
    "FPR": 0.006376253943526739,
    "RMSE": 0.07550980027079669
  },
  "fedavg": {
    "accuracy": 0.9503768844221105,
    "precision": 0.7515199018654988,
    "recall": 0.7753637090349773,
    "f1_score": 0.7385038142250735,
    "FPR": 0.013210235157399034,
    "RMSE": 0.12775091159593593
  },
  "fedprox_fixed": {
    "accuracy": 0.9509422110552764,
    "precision": 0.7555571908125295,
    "recall": 0.7957105841367683,
    "f1_score": 0.7489291005619338,
    "FPR": 0.013087756355134404,
    "RMSE": 0.12263409420447904
  },
  "fedprox_adaptive": {
    "accuracy": 0.9510050251256281,
    "precision": 0.7646023815665638,
    "recall": 0.7864658808019568,
    "f1_score": 0.7449340113970135,
    "FPR": 0.013080240144908478,
    "RMSE": 0.12296996417840382
  }
}